path,label
/content/drive/MyDrive/Colab Notebooks/Audio Nagham Recognition/dataset/E.3_tausyih_sika_mishri_ar-rahman/3.0_tausyih_sika_mishri_v3_a.wav,40
/content/drive/MyDrive/Colab Notebooks/Audio Nagham Recognition/dataset/E.3_tausyih_sika_mishri_ar-rahman/3.1_tausyih_sika_mishri_v3_a.wav,40
/content/drive/MyDrive/Colab Notebooks/Audio Nagham Recognition/dataset/E.3_tausyih_sika_mishri_ar-rahman/3.0_ar-rahman_sika_mishri_v3_a.wav,40
/content/drive/MyDrive/Colab Notebooks/Audio Nagham Recognition/dataset/E.3_tausyih_sika_mishri_ar-rahman/3.1_ar-rahman_sika_mishri_v3_a.wav,40
/content/drive/MyDrive/Colab Notebooks/Audio Nagham Recognition/dataset/E.3_tausyih_sika_mishri_ar-rahman/3.2_ar-rahman_sika_mishri_v3_a.wav,40
/content/drive/MyDrive/Colab Notebooks/Audio Nagham Recognition/dataset/E.3_tausyih_sika_mishri_ar-rahman/3.3_ar-rahman_sika_mishri_v3_a.wav,40
/content/drive/MyDrive/Colab Notebooks/Audio Nagham Recognition/dataset/F.2_tausyih_jiharkah_jawab_2_ar-rahman/2.1.0_tausyih_jiharkah_jawab_v3_b.wav,43
/content/drive/MyDrive/Colab Notebooks/Audio Nagham Recognition/dataset/F.2_tausyih_jiharkah_jawab_2_ar-rahman/2.1.1_tausyih_jiharkah_jawab_v3_b.wav,43
/content/drive/MyDrive/Colab Notebooks/Audio Nagham Recognition/dataset/F.2_tausyih_jiharkah_jawab_2_ar-rahman/2.1.2_tausyih_jiharkah_jawab_v3_b.wav,43
/content/drive/MyDrive/Colab Notebooks/Audio Nagham Recognition/dataset/F.2_tausyih_jiharkah_jawab_2_ar-rahman/2.1.0_ar-rahman_jiharkah_jawab_v3_b.wav,43
/content/drive/MyDrive/Colab Notebooks/Audio Nagham Recognition/dataset/F.2_tausyih_jiharkah_jawab_2_ar-rahman/2.1.1_ar-rahman_jiharkah_jawab_v3_b.wav,43
/content/drive/MyDrive/Colab Notebooks/Audio Nagham Recognition/dataset/F.2_tausyih_jiharkah_jawab_2_ar-rahman/2.1.2_ar-rahman_jiharkah_jawab_v3_b.wav,43
/content/drive/MyDrive/Colab Notebooks/Audio Nagham Recognition/dataset/F.2_tausyih_jiharkah_jawab_2_ar-rahman/2.1.3_ar-rahman_jiharkah_jawab_v3_b.wav,43
/content/drive/MyDrive/Colab Notebooks/Audio Nagham Recognition/dataset/F.2_tausyih_jiharkah_jawab_2_ar-rahman/2.1.4_ar-rahman_jiharkah_jawab_v3_b.wav,43
/content/drive/MyDrive/Colab Notebooks/Audio Nagham Recognition/dataset/F.2_tausyih_jiharkah_jawab_2_ar-rahman/2.1.5_ar-rahman_jiharkah_jawab_v3_b.wav,43
/content/drive/MyDrive/Colab Notebooks/Audio Nagham Recognition/dataset/E.2_tausyih_sika_turki_ar-rahman/2.0_tausyih_sika_turki_v3_a.wav,39
/content/drive/MyDrive/Colab Notebooks/Audio Nagham Recognition/dataset/E.2_tausyih_sika_turki_ar-rahman/2.1_tausyih_sika_turki_v3_a.wav,39
/content/drive/MyDrive/Colab Notebooks/Audio Nagham Recognition/dataset/E.2_tausyih_sika_turki_ar-rahman/2.2_tausyih_sika_turki_v3_a.wav,39
/content/drive/MyDrive/Colab Notebooks/Audio Nagham Recognition/dataset/E.2_tausyih_sika_turki_ar-rahman/2.0_ar-rahman_sika_ashli_v3_a.wav,39
/content/drive/MyDrive/Colab Notebooks/Audio Nagham Recognition/dataset/E.2_tausyih_sika_turki_ar-rahman/2.1_ar-rahman_sika_ashli_v3_a.wav,39
/content/drive/MyDrive/Colab Notebooks/Audio Nagham Recognition/dataset/E.2_tausyih_sika_turki_ar-rahman/2.2_ar-rahman_sika_ashli_v3_a.wav,39
/content/drive/MyDrive/Colab Notebooks/Audio Nagham Recognition/dataset/E.2_tausyih_sika_turki_ar-rahman/2.3_ar-rahman_sika_ashli_v3_a.wav,39
/content/drive/MyDrive/Colab Notebooks/Audio Nagham Recognition/dataset/E.2_tausyih_sika_turki_ar-rahman/2.4_ar-rahman_sika_ashli_v3_a.wav,39
/content/drive/MyDrive/Colab Notebooks/Audio Nagham Recognition/dataset/E.2_tausyih_sika_turki_ar-rahman/2.5_ar-rahman_sika_ashli_v3_a.wav,39
/content/drive/MyDrive/Colab Notebooks/Audio Nagham Recognition/dataset/E.2_tausyih_sika_turki_ar-rahman/2.6_ar-rahman_sika_ashli_v3_b.wav,39
/content/drive/MyDrive/Colab Notebooks/Audio Nagham Recognition/dataset/d1.2_ar-rahman_rast_zunjiran/2.0_ar-rahman_rast_zunjiran_v3_a.wav,47
/content/drive/MyDrive/Colab Notebooks/Audio Nagham Recognition/dataset/d1.2_ar-rahman_rast_zunjiran/2.1_ar-rahman_rast_zunjiran_v3_a.wav,47
/content/drive/MyDrive/Colab Notebooks/Audio Nagham Recognition/dataset/d1.2_ar-rahman_rast_zunjiran/2.2_ar-rahman_rast_zunjiran_v3_a.wav,47
/content/drive/MyDrive/Colab Notebooks/Audio Nagham Recognition/dataset/D.2_tausyih_rast_alanawa_5_ar-rahman/3.4.0_ar-rahman_rast_alanawa_v3_a.wav,37
/content/drive/MyDrive/Colab Notebooks/Audio Nagham Recognition/dataset/D.2_tausyih_rast_alanawa_5_ar-rahman/3.4.1_ar-rahman_rast_alanawa_v3_a.wav,37
/content/drive/MyDrive/Colab Notebooks/Audio Nagham Recognition/dataset/D.2_tausyih_rast_alanawa_5_ar-rahman/3.4.2_ar-rahman_rast_alanawa_v3_a.wav,37
/content/drive/MyDrive/Colab Notebooks/Audio Nagham Recognition/dataset/D.2_tausyih_rast_alanawa_5_ar-rahman/3.4.3_ar-rahman_rast_alanawa_v3_a.wav,37
/content/drive/MyDrive/Colab Notebooks/Audio Nagham Recognition/dataset/D.2_tausyih_rast_alanawa_5_ar-rahman/3.4.0_tausyih_rast_alanawa_v3_a.wav,37
/content/drive/MyDrive/Colab Notebooks/Audio Nagham Recognition/dataset/D.2_tausyih_rast_alanawa_5_ar-rahman/3.4.1_tausyih_rast_alanawa_v3_a.wav,37
/content/drive/MyDrive/Colab Notebooks/Audio Nagham Recognition/dataset/D.2_tausyih_rast_alanawa_5_ar-rahman/3.4.2_tausyih_rast_alanawa_v3_a.wav,37
/content/drive/MyDrive/Colab Notebooks/Audio Nagham Recognition/dataset/D.2_tausyih_rast_alanawa_5_ar-rahman/3.4.3_tausyih_rast_alanawa_v3_a.wav,37
/content/drive/MyDrive/Colab Notebooks/Audio Nagham Recognition/dataset/D.2_tausyih_rast_alanawa_5_ar-rahman/3.4.4_tausyih_rast_alanawa_v3_a.wav,37
/content/drive/MyDrive/Colab Notebooks/Audio Nagham Recognition/dataset/G.1_tausyih_nahawand_ashli_ar-rahman/1.1_tausyih_nahawand_ashli_v3_b.wav,44
/content/drive/MyDrive/Colab Notebooks/Audio Nagham Recognition/dataset/G.1_tausyih_nahawand_ashli_ar-rahman/1.2_tausyih_nahawand_ashli_v3_b.wav,44
/content/drive/MyDrive/Colab Notebooks/Audio Nagham Recognition/dataset/G.1_tausyih_nahawand_ashli_ar-rahman/1.3_tausyih_nahawand_ashli_v3_b.wav,44
/content/drive/MyDrive/Colab Notebooks/Audio Nagham Recognition/dataset/G.1_tausyih_nahawand_ashli_ar-rahman/1.0.0_ar-rahman_nahawand_ashli_v3_b.wav,44
/content/drive/MyDrive/Colab Notebooks/Audio Nagham Recognition/dataset/G.1_tausyih_nahawand_ashli_ar-rahman/1.0.1_ar-rahman_nahawand_ashli_v3_b.wav,44
/content/drive/MyDrive/Colab Notebooks/Audio Nagham Recognition/dataset/G.1_tausyih_nahawand_ashli_ar-rahman/1.0.2_ar-rahman_nahawand_ashli_v3_b.wav,44
/content/drive/MyDrive/Colab Notebooks/Audio Nagham Recognition/dataset/G.1_tausyih_nahawand_ashli_ar-rahman/1.0.3_ar-rahman_nahawand_ashli_v3_b.wav,44
/content/drive/MyDrive/Colab Notebooks/Audio Nagham Recognition/dataset/G.1_tausyih_nahawand_ashli_ar-rahman/1.0.4_ar-rahman_nahawand_ashli_v3_b.wav,44
/content/drive/MyDrive/Colab Notebooks/Audio Nagham Recognition/dataset/G.1_tausyih_nahawand_ashli_ar-rahman/1.0.5_ar-rahman_nahawand_ashli_v3_b.wav,44
/content/drive/MyDrive/Colab Notebooks/Audio Nagham Recognition/dataset/G.1_tausyih_nahawand_ashli_ar-rahman/1.1.0_ar-rahman_nahawand_ashli_v3_b.wav,44
/content/drive/MyDrive/Colab Notebooks/Audio Nagham Recognition/dataset/G.1_tausyih_nahawand_ashli_ar-rahman/1.1.1_ar-rahman_nahawand_ashli_v3_b.wav,44
/content/drive/MyDrive/Colab Notebooks/Audio Nagham Recognition/dataset/G.1_tausyih_nahawand_ashli_ar-rahman/1.1.2_ar-rahman_nahawand_ashli_v3_b.wav,44
/content/drive/MyDrive/Colab Notebooks/Audio Nagham Recognition/dataset/G.1_tausyih_nahawand_ashli_ar-rahman/1.1.3_ar-rahman_nahawand_ashli_v3_b.wav,44
/content/drive/MyDrive/Colab Notebooks/Audio Nagham Recognition/dataset/G.1_tausyih_nahawand_ashli_ar-rahman/1.1.4_ar-rahman_nahawand_ashli_v3_b.wav,44
/content/drive/MyDrive/Colab Notebooks/Audio Nagham Recognition/dataset/G.1_tausyih_nahawand_ashli_ar-rahman/1.1.5_ar-rahman_nahawand_ashli_v3_b.wav,44
/content/drive/MyDrive/Colab Notebooks/Audio Nagham Recognition/dataset/G.1_tausyih_nahawand_ashli_ar-rahman/1.2.0_ar-rahman_nahawand_ashli_v3_b.wav,44
/content/drive/MyDrive/Colab Notebooks/Audio Nagham Recognition/dataset/G.1_tausyih_nahawand_ashli_ar-rahman/1.2.1_ar-rahman_nahawand_ashli_v3_b.wav,44
/content/drive/MyDrive/Colab Notebooks/Audio Nagham Recognition/dataset/G.1_tausyih_nahawand_ashli_ar-rahman/1.0_tausyih_nahawand_ashli_v3_b.wav,44
/content/drive/MyDrive/Colab Notebooks/Audio Nagham Recognition/dataset/G.2_tausyih_nahawand_jawab_ar-rahman/2.0_tausyih_nahawand_jawab_v3_b.wav,45
/content/drive/MyDrive/Colab Notebooks/Audio Nagham Recognition/dataset/G.2_tausyih_nahawand_jawab_ar-rahman/2.1_tausyih_nahawand_jawab_v3_b.wav,45
/content/drive/MyDrive/Colab Notebooks/Audio Nagham Recognition/dataset/G.2_tausyih_nahawand_jawab_ar-rahman/2.2_tausyih_nahawand_jawab_v3_b.wav,45
/content/drive/MyDrive/Colab Notebooks/Audio Nagham Recognition/dataset/G.2_tausyih_nahawand_jawab_ar-rahman/2.3_tausyih_nahawand_jawab_v3_b.wav,45
/content/drive/MyDrive/Colab Notebooks/Audio Nagham Recognition/dataset/G.2_tausyih_nahawand_jawab_ar-rahman/2.4_tausyih_nahawand_jawab_v3_b.wav,45
/content/drive/MyDrive/Colab Notebooks/Audio Nagham Recognition/dataset/G.2_tausyih_nahawand_jawab_ar-rahman/2.5_tausyih_nahawand_jawab_v3_b.wav,45
/content/drive/MyDrive/Colab Notebooks/Audio Nagham Recognition/dataset/G.2_tausyih_nahawand_jawab_ar-rahman/2.0_ar-rahman_nahawand_jawab_v3_b.wav,45
/content/drive/MyDrive/Colab Notebooks/Audio Nagham Recognition/dataset/G.2_tausyih_nahawand_jawab_ar-rahman/2.1_ar-rahman_nahawand_jawab_v3_b.wav,45
/content/drive/MyDrive/Colab Notebooks/Audio Nagham Recognition/dataset/F.1_tausyih_jiharkah_ashli_ar-rahman/1.0_tausyih_jiharkah_ashli_v3_b.wav,41
/content/drive/MyDrive/Colab Notebooks/Audio Nagham Recognition/dataset/F.1_tausyih_jiharkah_ashli_ar-rahman/1.1_tausyih_jiharkah_ashli_v3_b.wav,41
/content/drive/MyDrive/Colab Notebooks/Audio Nagham Recognition/dataset/F.1_tausyih_jiharkah_ashli_ar-rahman/1.2_tausyih_jiharkah_ashli_v3_b.wav,41
/content/drive/MyDrive/Colab Notebooks/Audio Nagham Recognition/dataset/F.1_tausyih_jiharkah_ashli_ar-rahman/1.3_tausyih_jiharkah_ashli_v3_b.wav,41
/content/drive/MyDrive/Colab Notebooks/Audio Nagham Recognition/dataset/F.1_tausyih_jiharkah_ashli_ar-rahman/1.4_tausyih_jiharkah_ashli_v3_b.wav,41
/content/drive/MyDrive/Colab Notebooks/Audio Nagham Recognition/dataset/F.1_tausyih_jiharkah_ashli_ar-rahman/1.5_tausyih_jiharkah_ashli_v3_b.wav,41
/content/drive/MyDrive/Colab Notebooks/Audio Nagham Recognition/dataset/F.1_tausyih_jiharkah_ashli_ar-rahman/1.6_tausyih_jiharkah_ashli_v3_b.wav,41
/content/drive/MyDrive/Colab Notebooks/Audio Nagham Recognition/dataset/F.1_tausyih_jiharkah_ashli_ar-rahman/1.7_tausyih_jiharkah_ashli_v3_b.wav,41
/content/drive/MyDrive/Colab Notebooks/Audio Nagham Recognition/dataset/F.1_tausyih_jiharkah_ashli_ar-rahman/1.0_ar-rahman_jiharkah_ashli_v3_b.wav,41
/content/drive/MyDrive/Colab Notebooks/Audio Nagham Recognition/dataset/F.1_tausyih_jiharkah_ashli_ar-rahman/1.1_ar-rahman_jiharkah_ashli_v3_b.wav,41
/content/drive/MyDrive/Colab Notebooks/Audio Nagham Recognition/dataset/F.1_tausyih_jiharkah_ashli_ar-rahman/1.2_ar-rahman_jiharkah_ashli_v3_b.wav,41
/content/drive/MyDrive/Colab Notebooks/Audio Nagham Recognition/dataset/F.1_tausyih_jiharkah_ashli_ar-rahman/1.3_ar-rahman_jiharkah_ashli_v3_b.wav,41
/content/drive/MyDrive/Colab Notebooks/Audio Nagham Recognition/dataset/F.1_tausyih_jiharkah_ashli_ar-rahman/1.4_ar-rahman_jiharkah_ashli_v3_b.wav,41
/content/drive/MyDrive/Colab Notebooks/Audio Nagham Recognition/dataset/F.1_tausyih_jiharkah_ashli_ar-rahman/1.5_ar-rahman_jiharkah_ashli_v3_b.wav,41
/content/drive/MyDrive/Colab Notebooks/Audio Nagham Recognition/dataset/F.1_tausyih_jiharkah_ashli_ar-rahman/1.6_ar-rahman_jiharkah_ashli_v3_b.wav,41
/content/drive/MyDrive/Colab Notebooks/Audio Nagham Recognition/dataset/F.1_tausyih_jiharkah_ashli_ar-rahman/1.7_ar-rahman_jiharkah_ashli_v3_b.wav,41
/content/drive/MyDrive/Colab Notebooks/Audio Nagham Recognition/dataset/F.1_tausyih_jiharkah_ashli_ar-rahman/1.8_ar-rahman_jiharkah_ashli_v3_b.wav,41
/content/drive/MyDrive/Colab Notebooks/Audio Nagham Recognition/dataset/F.1_tausyih_jiharkah_ashli_ar-rahman/1.9_ar-rahman_jiharkah_ashli_v3_b.wav,41
/content/drive/MyDrive/Colab Notebooks/Audio Nagham Recognition/dataset/F.1_tausyih_jiharkah_ashli_ar-rahman/1.10_ar-rahman_jiharkah_ashli_v3_b.wav,41
/content/drive/MyDrive/Colab Notebooks/Audio Nagham Recognition/dataset/E.1_tausyih_sika_ashli_ar-rahman/1.0_tausyih_sika_ashli_v3_a.wav,38
/content/drive/MyDrive/Colab Notebooks/Audio Nagham Recognition/dataset/E.1_tausyih_sika_ashli_ar-rahman/1.1_tausyih_sika_ashli_v3_a.wav,38
/content/drive/MyDrive/Colab Notebooks/Audio Nagham Recognition/dataset/E.1_tausyih_sika_ashli_ar-rahman/1.2_tausyih_sika_ashli_v3_a.wav,38
/content/drive/MyDrive/Colab Notebooks/Audio Nagham Recognition/dataset/E.1_tausyih_sika_ashli_ar-rahman/1.3_tausyih_sika_ashli_v3_a.wav,38
/content/drive/MyDrive/Colab Notebooks/Audio Nagham Recognition/dataset/E.1_tausyih_sika_ashli_ar-rahman/1.0_ar-rahman_sika_ashli_v3_a.wav,38
/content/drive/MyDrive/Colab Notebooks/Audio Nagham Recognition/dataset/E.1_tausyih_sika_ashli_ar-rahman/1.1_ar-rahman_sika_ashli_v3_a.wav,38
/content/drive/MyDrive/Colab Notebooks/Audio Nagham Recognition/dataset/E.1_tausyih_sika_ashli_ar-rahman/1.2_ar-rahman_sika_ashli_v3_a.wav,38
/content/drive/MyDrive/Colab Notebooks/Audio Nagham Recognition/dataset/E.1_tausyih_sika_ashli_ar-rahman/1.3_ar-rahman_sika_ashli_v3_a.wav,38
/content/drive/MyDrive/Colab Notebooks/Audio Nagham Recognition/dataset/E.1_tausyih_sika_ashli_ar-rahman/1.4_ar-rahman_sika_ashli_v3_a.wav,38
/content/drive/MyDrive/Colab Notebooks/Audio Nagham Recognition/dataset/E.1_tausyih_sika_ashli_ar-rahman/1.5_ar-rahman_sika_ashli_v3_a.wav,38
/content/drive/MyDrive/Colab Notebooks/Audio Nagham Recognition/dataset/F.2_tausyih_jiharkah_jawab/2.0.0_tausyih_jiharkah_jawab_v3_b.wav,42
/content/drive/MyDrive/Colab Notebooks/Audio Nagham Recognition/dataset/F.2_tausyih_jiharkah_jawab/2.0.1_tausyih_jiharkah_jawab_v3_b.wav,42
/content/drive/MyDrive/Colab Notebooks/Audio Nagham Recognition/dataset/F.2_tausyih_jiharkah_jawab/2.0.2_tausyih_jiharkah_jawab_v3_b.wav,42
/content/drive/MyDrive/Colab Notebooks/Audio Nagham Recognition/dataset/F.2_tausyih_jiharkah_jawab/2.0.3_tausyih_jiharkah_jawab_v3_b.wav,42
/content/drive/MyDrive/Colab Notebooks/Audio Nagham Recognition/dataset/F.2_tausyih_jiharkah_jawab/2.0.4_tausyih_jiharkah_jawab_v3_b.wav,42
/content/drive/MyDrive/Colab Notebooks/Audio Nagham Recognition/dataset/C.4_tausyih_hijaz_kur/4.0_tausyih_hijaz_kur_v2_b.wav,30
/content/drive/MyDrive/Colab Notebooks/Audio Nagham Recognition/dataset/C.4_tausyih_hijaz_kur/4.1_tausyih_hijaz_kur_v2_b.wav,30
/content/drive/MyDrive/Colab Notebooks/Audio Nagham Recognition/dataset/C.4_tausyih_hijaz_kur/4.2_tausyih_hijaz_kur_v2_b.wav,30
/content/drive/MyDrive/Colab Notebooks/Audio Nagham Recognition/dataset/D.2_tausyih_rast_alanawa_4/3.3.0_tausyih_rast_alanawa_v3_a.wav,36
/content/drive/MyDrive/Colab Notebooks/Audio Nagham Recognition/dataset/D.2_tausyih_rast_alanawa_4/3.3.1_tausyih_rast_alanawa_v3_a.wav,36
/content/drive/MyDrive/Colab Notebooks/Audio Nagham Recognition/dataset/D.2_tausyih_rast_alanawa_4/3.3.5_tausyih_rast_alanawa_v3_a.wav,36
/content/drive/MyDrive/Colab Notebooks/Audio Nagham Recognition/dataset/D.2_tausyih_rast_alanawa_4/3.3.2_tausyih_rast_alanawa_v3_a.wav,36
/content/drive/MyDrive/Colab Notebooks/Audio Nagham Recognition/dataset/D.2_tausyih_rast_alanawa_4/3.3.6_tausyih_rast_alanawa_v3_a.wav,36
/content/drive/MyDrive/Colab Notebooks/Audio Nagham Recognition/dataset/D.2_tausyih_rast_alanawa_4/3.3.7_tausyih_rast_alanawa_v3_a.wav,36
/content/drive/MyDrive/Colab Notebooks/Audio Nagham Recognition/dataset/D.2_tausyih_rast_alanawa_4/3.3.3_tausyih_rast_alanawa_v3_a.wav,36
/content/drive/MyDrive/Colab Notebooks/Audio Nagham Recognition/dataset/D.2_tausyih_rast_alanawa_4/3.3.8_tausyih_rast_alanawa_v3_a.wav,36
/content/drive/MyDrive/Colab Notebooks/Audio Nagham Recognition/dataset/D.2_tausyih_rast_alanawa_4/3.3.4_tausyih_rast_alanawa_v3_a.wav,36
/content/drive/MyDrive/Colab Notebooks/Audio Nagham Recognition/dataset/C.1_tausyih_hijaz_ashli_6/1.5.1_tausyih_hijaz_ashli_v2_b.wav,27
/content/drive/MyDrive/Colab Notebooks/Audio Nagham Recognition/dataset/C.1_tausyih_hijaz_ashli_6/1.5.0_tausyih_hijaz_ashli_v2_b.wav,27
/content/drive/MyDrive/Colab Notebooks/Audio Nagham Recognition/dataset/C.3_tausyih_hijaz_karkur/3.0_tausyih_hijaz_karkur_v2_b.wav,29
/content/drive/MyDrive/Colab Notebooks/Audio Nagham Recognition/dataset/C.3_tausyih_hijaz_karkur/3.2_tausyih_hijaz_karkur_v2_b.wav,29
/content/drive/MyDrive/Colab Notebooks/Audio Nagham Recognition/dataset/C.3_tausyih_hijaz_karkur/3.3_tausyih_hijaz_karkur_v2_b.wav,29
/content/drive/MyDrive/Colab Notebooks/Audio Nagham Recognition/dataset/C.3_tausyih_hijaz_karkur/3.4_tausyih_hijaz_karkur_v2_b.wav,29
/content/drive/MyDrive/Colab Notebooks/Audio Nagham Recognition/dataset/C.3_tausyih_hijaz_karkur/3.5_tausyih_hijaz_karkur_v2_b.wav,29
/content/drive/MyDrive/Colab Notebooks/Audio Nagham Recognition/dataset/C.3_tausyih_hijaz_karkur/3.6_tausyih_hijaz_karkur_v2_b.wav,29
/content/drive/MyDrive/Colab Notebooks/Audio Nagham Recognition/dataset/C.3_tausyih_hijaz_karkur/3.0_ar-rahman_hijaz_karkur_v2_b.wav,29
/content/drive/MyDrive/Colab Notebooks/Audio Nagham Recognition/dataset/C.3_tausyih_hijaz_karkur/3.1_ar-rahman_hijaz_karkur_v2_b.wav,29
/content/drive/MyDrive/Colab Notebooks/Audio Nagham Recognition/dataset/C.3_tausyih_hijaz_karkur/3.2_ar-rahman_hijaz_karkur_v2_b.wav,29
/content/drive/MyDrive/Colab Notebooks/Audio Nagham Recognition/dataset/C.3_tausyih_hijaz_karkur/3.3_ar-rahman_hijaz_karkur_v2_b.wav,29
/content/drive/MyDrive/Colab Notebooks/Audio Nagham Recognition/dataset/C.3_tausyih_hijaz_karkur/3.4_ar-rahman_hijaz_karkur_v2_b.wav,29
/content/drive/MyDrive/Colab Notebooks/Audio Nagham Recognition/dataset/C.3_tausyih_hijaz_karkur/3.5_ar-rahman_hijaz_karkur_v2_b.wav,29
/content/drive/MyDrive/Colab Notebooks/Audio Nagham Recognition/dataset/C.3_tausyih_hijaz_karkur/3.1_tausyih_hijaz_karkur_v2_b.wav,29
/content/drive/MyDrive/Colab Notebooks/Audio Nagham Recognition/dataset/D.1_tausyih_rast_ashli_3/1.2.0_tausyih_rast_ashli_v3_a.wav,33
/content/drive/MyDrive/Colab Notebooks/Audio Nagham Recognition/dataset/D.1_tausyih_rast_ashli_3/1.2.1_tausyih_rast_ashli_v3_a.wav,33
/content/drive/MyDrive/Colab Notebooks/Audio Nagham Recognition/dataset/D.2_tausyih_rast_alanawa_2_ar-rahman/3.1.0_tausyih_rast_alanawa_v3_a.wav,35
/content/drive/MyDrive/Colab Notebooks/Audio Nagham Recognition/dataset/D.2_tausyih_rast_alanawa_2_ar-rahman/3.1.1_tausyih_rast_alanawa_v3_a.wav,35
/content/drive/MyDrive/Colab Notebooks/Audio Nagham Recognition/dataset/D.2_tausyih_rast_alanawa_2_ar-rahman/3.1.2_tausyih_rast_alanawa_v3_a.wav,35
/content/drive/MyDrive/Colab Notebooks/Audio Nagham Recognition/dataset/D.2_tausyih_rast_alanawa_2_ar-rahman/3.1.3_tausyih_rast_alanawa_v3_a.wav,35
/content/drive/MyDrive/Colab Notebooks/Audio Nagham Recognition/dataset/D.2_tausyih_rast_alanawa_2_ar-rahman/3.1.4_tausyih_rast_alanawa_v3_a.wav,35
/content/drive/MyDrive/Colab Notebooks/Audio Nagham Recognition/dataset/D.2_tausyih_rast_alanawa_2_ar-rahman/3.1.0_ar-rahman_rast_alanawa_v3_a.wav,35
/content/drive/MyDrive/Colab Notebooks/Audio Nagham Recognition/dataset/D.2_tausyih_rast_alanawa_2_ar-rahman/3.1.1_ar-rahman_rast_alanawa_v3_a.wav,35
/content/drive/MyDrive/Colab Notebooks/Audio Nagham Recognition/dataset/D.2_tausyih_rast_alanawa_2_ar-rahman/3.1.2_ar-rahman_rast_alanawa_v3_a.wav,35
/content/drive/MyDrive/Colab Notebooks/Audio Nagham Recognition/dataset/D.2_tausyih_rast_alanawa_2_ar-rahman/3.1.3_ar-rahman_rast_alanawa_v3_a.wav,35
/content/drive/MyDrive/Colab Notebooks/Audio Nagham Recognition/dataset/D.1_tausyih_rast_ashli_1/1.0.0_tausyih_rast_ashli_v3_a.wav,31
/content/drive/MyDrive/Colab Notebooks/Audio Nagham Recognition/dataset/D.1_tausyih_rast_ashli_1/3.0.0_tausyih_rast_alanawa_v3_a.wav,31
/content/drive/MyDrive/Colab Notebooks/Audio Nagham Recognition/dataset/D.1_tausyih_rast_ashli_1/1.0.4_tausyih_rast_alanawa_v3_a.wav,31
/content/drive/MyDrive/Colab Notebooks/Audio Nagham Recognition/dataset/D.1_tausyih_rast_ashli_1/3.2.0_tausyih_rast_alanawa_v3_a.wav,31
/content/drive/MyDrive/Colab Notebooks/Audio Nagham Recognition/dataset/D.1_tausyih_rast_ashli_1/1.0.1_tausyih_rast_ashli_v3_a.wav,31
/content/drive/MyDrive/Colab Notebooks/Audio Nagham Recognition/dataset/D.1_tausyih_rast_ashli_1/1.0.2_tausyih_rast_ashli_v3_a.wav,31
/content/drive/MyDrive/Colab Notebooks/Audio Nagham Recognition/dataset/D.1_tausyih_rast_ashli_1/1.0.3_tausyih_rast_ashli_v3_a.wav,31
/content/drive/MyDrive/Colab Notebooks/Audio Nagham Recognition/dataset/D.1_tausyih_rast_ashli_1/3.0.1_tausyih_rast_alanawa_v3_a.wav,31
/content/drive/MyDrive/Colab Notebooks/Audio Nagham Recognition/dataset/D.1_tausyih_rast_ashli_1/1.0.5_tausyih_rast_alanawa_v3_a.wav,31
/content/drive/MyDrive/Colab Notebooks/Audio Nagham Recognition/dataset/D.1_tausyih_rast_ashli_1/3.2.1_tausyih_rast_alanawa_v3_a.wav,31
/content/drive/MyDrive/Colab Notebooks/Audio Nagham Recognition/dataset/D.1_tausyih_rast_ashli_1/3.0.2_tausyih_rast_alanawa_v3_a.wav,31
/content/drive/MyDrive/Colab Notebooks/Audio Nagham Recognition/dataset/D.1_tausyih_rast_ashli_1/1.0.6_tausyih_rast_alanawa_v3_a.wav,31
/content/drive/MyDrive/Colab Notebooks/Audio Nagham Recognition/dataset/D.1_tausyih_rast_ashli_1/3.2.2_tausyih_rast_alanawa_v3_a.wav,31
/content/drive/MyDrive/Colab Notebooks/Audio Nagham Recognition/dataset/D.1_tausyih_rast_ashli_1/3.0.3_tausyih_rast_alanawa_v3_a.wav,31
/content/drive/MyDrive/Colab Notebooks/Audio Nagham Recognition/dataset/D.1_tausyih_rast_ashli_1/1.0.7_tausyih_rast_alanawa_v3_a.wav,31
/content/drive/MyDrive/Colab Notebooks/Audio Nagham Recognition/dataset/D.1_tausyih_rast_ashli_1/3.2.3_tausyih_rast_alanawa_v3_a.wav,31
/content/drive/MyDrive/Colab Notebooks/Audio Nagham Recognition/dataset/D.1_tausyih_rast_ashli_1/3.0.4_tausyih_rast_alanawa_v3_a.wav,31
/content/drive/MyDrive/Colab Notebooks/Audio Nagham Recognition/dataset/D.1_tausyih_rast_ashli_1/1.0.8_tausyih_rast_alanawa_v3_a.wav,31
/content/drive/MyDrive/Colab Notebooks/Audio Nagham Recognition/dataset/D.1_tausyih_rast_ashli_1/3.2.4_tausyih_rast_alanawa_v3_a.wav,31
/content/drive/MyDrive/Colab Notebooks/Audio Nagham Recognition/dataset/D.1_tausyih_rast_ashli_4_ar-rahman/1.3.0_tausyih_rast_ashli_v3_a.wav,34
/content/drive/MyDrive/Colab Notebooks/Audio Nagham Recognition/dataset/D.1_tausyih_rast_ashli_4_ar-rahman/1.3.1_tausyih_rast_ashli_v3_a.wav,34
/content/drive/MyDrive/Colab Notebooks/Audio Nagham Recognition/dataset/D.1_tausyih_rast_ashli_4_ar-rahman/1.3.0_ar-rahman_rast_ashli_v3_a.wav,34
/content/drive/MyDrive/Colab Notebooks/Audio Nagham Recognition/dataset/D.1_tausyih_rast_ashli_4_ar-rahman/1.3.1_ar-rahman_rast_ashli_v3_a.wav,34
/content/drive/MyDrive/Colab Notebooks/Audio Nagham Recognition/dataset/D.1_tausyih_rast_ashli_4_ar-rahman/1.3.2_ar-rahman_rast_ashli_v3_a.wav,34
/content/drive/MyDrive/Colab Notebooks/Audio Nagham Recognition/dataset/D.1_tausyih_rast_ashli_2_ar-rahman/1.1.0_tausyih_rast_ashli_v3_a.wav,32
/content/drive/MyDrive/Colab Notebooks/Audio Nagham Recognition/dataset/D.1_tausyih_rast_ashli_2_ar-rahman/1.1.1_tausyih_rast_ashli_v3_a.wav,32
/content/drive/MyDrive/Colab Notebooks/Audio Nagham Recognition/dataset/D.1_tausyih_rast_ashli_2_ar-rahman/1.1.2_tausyih_rast_ashli_v3_a.wav,32
/content/drive/MyDrive/Colab Notebooks/Audio Nagham Recognition/dataset/D.1_tausyih_rast_ashli_2_ar-rahman/1.1.3_tausyih_rast_ashli_v3_a.wav,32
/content/drive/MyDrive/Colab Notebooks/Audio Nagham Recognition/dataset/D.1_tausyih_rast_ashli_2_ar-rahman/1.1.0_ar-rahman_rast_ashli_v3_a.wav,32
/content/drive/MyDrive/Colab Notebooks/Audio Nagham Recognition/dataset/D.1_tausyih_rast_ashli_2_ar-rahman/1.1.1_ar-rahman_rast_ashli_v3_a.wav,32
/content/drive/MyDrive/Colab Notebooks/Audio Nagham Recognition/dataset/D.1_tausyih_rast_ashli_2_ar-rahman/1.1.2_ar-rahman_rast_ashli_v3_a.wav,32
/content/drive/MyDrive/Colab Notebooks/Audio Nagham Recognition/dataset/C.2_tausyih_hijaz_kar_ar-rahman/2.0_tausyih_hijaz_kar_v2_b.wav,28
/content/drive/MyDrive/Colab Notebooks/Audio Nagham Recognition/dataset/C.2_tausyih_hijaz_kar_ar-rahman/2.1_tausyih_hijaz_kar_v2_b.wav,28
/content/drive/MyDrive/Colab Notebooks/Audio Nagham Recognition/dataset/C.2_tausyih_hijaz_kar_ar-rahman/2.3_tausyih_hijaz_kar_v2_b.wav,28
/content/drive/MyDrive/Colab Notebooks/Audio Nagham Recognition/dataset/C.2_tausyih_hijaz_kar_ar-rahman/2.4_tausyih_hijaz_kar_v2_b.wav,28
/content/drive/MyDrive/Colab Notebooks/Audio Nagham Recognition/dataset/C.2_tausyih_hijaz_kar_ar-rahman/2.0_ar-rahman_hijaz_kar_v2_b.wav,28
/content/drive/MyDrive/Colab Notebooks/Audio Nagham Recognition/dataset/C.2_tausyih_hijaz_kar_ar-rahman/2.1_ar-rahman_hijaz_kar_v2_b.wav,28
/content/drive/MyDrive/Colab Notebooks/Audio Nagham Recognition/dataset/C.2_tausyih_hijaz_kar_ar-rahman/2.2_ar-rahman_hijaz_kar_v2_b.wav,28
/content/drive/MyDrive/Colab Notebooks/Audio Nagham Recognition/dataset/C.2_tausyih_hijaz_kar_ar-rahman/2.3_ar-rahman_hijaz_kar_v2_b.wav,28
/content/drive/MyDrive/Colab Notebooks/Audio Nagham Recognition/dataset/C.2_tausyih_hijaz_kar_ar-rahman/2.4_ar-rahman_hijaz_kar_v2_b.wav,28
/content/drive/MyDrive/Colab Notebooks/Audio Nagham Recognition/dataset/C.2_tausyih_hijaz_kar_ar-rahman/2.5_ar-rahman_hijaz_kar_v2_b.wav,28
/content/drive/MyDrive/Colab Notebooks/Audio Nagham Recognition/dataset/C.2_tausyih_hijaz_kar_ar-rahman/2.2_tausyih_hijaz_kar_v2_b.wav,28
/content/drive/MyDrive/Colab Notebooks/Audio Nagham Recognition/dataset/B.3_tausyih_jawab_shaba_maalajam_ar-rahman/3.0_tausyih_jawab_shaba_maalajam_v2_a.wav,20
/content/drive/MyDrive/Colab Notebooks/Audio Nagham Recognition/dataset/B.3_tausyih_jawab_shaba_maalajam_ar-rahman/3.1_tausyih_jawab_shaba_maalajam_v2_a.wav,20
/content/drive/MyDrive/Colab Notebooks/Audio Nagham Recognition/dataset/B.3_tausyih_jawab_shaba_maalajam_ar-rahman/3.0_ar-rahman_jawab_shaba_maalajam_v2_a.wav,20
/content/drive/MyDrive/Colab Notebooks/Audio Nagham Recognition/dataset/B.3_tausyih_jawab_shaba_maalajam_ar-rahman/3.1_ar-rahman_jawab_shaba_maalajam_v2_a.wav,20
/content/drive/MyDrive/Colab Notebooks/Audio Nagham Recognition/dataset/B.3_tausyih_jawab_shaba_maalajam_ar-rahman/3.2_ar-rahman_jawab_shaba_maalajam_v2_a.wav,20
/content/drive/MyDrive/Colab Notebooks/Audio Nagham Recognition/dataset/B.3_tausyih_jawab_shaba_maalajam_ar-rahman/3.3_ar-rahman_jawab_shaba_maalajam_v2_a.wav,20
/content/drive/MyDrive/Colab Notebooks/Audio Nagham Recognition/dataset/B.3_tausyih_jawab_shaba_maalajam_ar-rahman/3.4_ar-rahman_jawab_shaba_maalajam_v2_b.wav,20
/content/drive/MyDrive/Colab Notebooks/Audio Nagham Recognition/dataset/B.3_tausyih_jawab_shaba_maalajam_ar-rahman/3.3_tausyih_jawab_shaba_maalajam_v2_a.wav,20
/content/drive/MyDrive/Colab Notebooks/Audio Nagham Recognition/dataset/B.3_tausyih_jawab_shaba_maalajam_ar-rahman/3.4_tausyih_jawab_shaba_maalajam_v2_a.wav,20
/content/drive/MyDrive/Colab Notebooks/Audio Nagham Recognition/dataset/B.2_tausyih_jawab_shaba_ar-rahman/2.3_tausyih_jawab_shaba_v2_a.wav,19
/content/drive/MyDrive/Colab Notebooks/Audio Nagham Recognition/dataset/B.2_tausyih_jawab_shaba_ar-rahman/2.0_ar-rahman_jawab_shaba_v2_a.wav,19
/content/drive/MyDrive/Colab Notebooks/Audio Nagham Recognition/dataset/B.2_tausyih_jawab_shaba_ar-rahman/2.1_ar-rahman_jawab_shaba_v2_a.wav,19
/content/drive/MyDrive/Colab Notebooks/Audio Nagham Recognition/dataset/B.2_tausyih_jawab_shaba_ar-rahman/2.2_ar-rahman_jawab_shaba_v2_a.wav,19
/content/drive/MyDrive/Colab Notebooks/Audio Nagham Recognition/dataset/B.2_tausyih_jawab_shaba_ar-rahman/2.3_ar-rahman_jawab_shaba_v2_a.wav,19
/content/drive/MyDrive/Colab Notebooks/Audio Nagham Recognition/dataset/B.2_tausyih_jawab_shaba_ar-rahman/2.4_ar-rahman_jawab_shaba_v2_a.wav,19
/content/drive/MyDrive/Colab Notebooks/Audio Nagham Recognition/dataset/B.2_tausyih_jawab_shaba_ar-rahman/2.5_ar-rahman_jawab_shaba_v2_b.wav,19
/content/drive/MyDrive/Colab Notebooks/Audio Nagham Recognition/dataset/B.2_tausyih_jawab_shaba_ar-rahman/2.0_tausyih_jawab_shaba_v2_a.wav,19
/content/drive/MyDrive/Colab Notebooks/Audio Nagham Recognition/dataset/B.2_tausyih_jawab_shaba_ar-rahman/2.1_tausyih_jawab_shaba_v2_a.wav,19
/content/drive/MyDrive/Colab Notebooks/Audio Nagham Recognition/dataset/B.2_tausyih_jawab_shaba_ar-rahman/2.2_tausyih_jawab_shaba_v2_a.wav,19
/content/drive/MyDrive/Colab Notebooks/Audio Nagham Recognition/dataset/C.1_tausyih_hijaz_ashli_1/1.0.0_tausyih_hijaz_ashli_v2_b.wav,22
/content/drive/MyDrive/Colab Notebooks/Audio Nagham Recognition/dataset/C.1_tausyih_hijaz_ashli_1/1.0.1_tausyih_hijaz_ashli_v2_b.wav,22
/content/drive/MyDrive/Colab Notebooks/Audio Nagham Recognition/dataset/C.1_tausyih_hijaz_ashli_1/1.0.2_tausyih_hijaz_ashli_v2_b.wav,22
/content/drive/MyDrive/Colab Notebooks/Audio Nagham Recognition/dataset/C.1_tausyih_hijaz_ashli_1/1.0.3_tausyih_hijaz_ashli_v2_b.wav,22
/content/drive/MyDrive/Colab Notebooks/Audio Nagham Recognition/dataset/C.1_tausyih_hijaz_ashli_2_ar-rahman/1.1.0_tausyih_hijaz_ashli_v2_b.wav,23
/content/drive/MyDrive/Colab Notebooks/Audio Nagham Recognition/dataset/C.1_tausyih_hijaz_ashli_2_ar-rahman/1.1.1_tausyih_hijaz_ashli_v2_b.wav,23
/content/drive/MyDrive/Colab Notebooks/Audio Nagham Recognition/dataset/C.1_tausyih_hijaz_ashli_2_ar-rahman/1.1.2_tausyih_hijaz_ashli_v2_b.wav,23
/content/drive/MyDrive/Colab Notebooks/Audio Nagham Recognition/dataset/C.1_tausyih_hijaz_ashli_2_ar-rahman/1.1.3_tausyih_hijaz_ashli_v2_b.wav,23
/content/drive/MyDrive/Colab Notebooks/Audio Nagham Recognition/dataset/C.1_tausyih_hijaz_ashli_2_ar-rahman/1.1.0_ar-rahman_hijaz_ashli_v2_b.wav,23
/content/drive/MyDrive/Colab Notebooks/Audio Nagham Recognition/dataset/C.1_tausyih_hijaz_ashli_2_ar-rahman/1.1.1_ar-rahman_hijaz_ashli_v2_b.wav,23
/content/drive/MyDrive/Colab Notebooks/Audio Nagham Recognition/dataset/C.1_tausyih_hijaz_ashli_2_ar-rahman/1.1.2_ar-rahman_hijaz_ashli_v2_b.wav,23
/content/drive/MyDrive/Colab Notebooks/Audio Nagham Recognition/dataset/C.1_tausyih_hijaz_ashli_2_ar-rahman/1.1.3_ar-rahman_hijaz_ashli_v2_b.wav,23
/content/drive/MyDrive/Colab Notebooks/Audio Nagham Recognition/dataset/C.1_tausyih_hijaz_ashli_2_ar-rahman/1.1.4_ar-rahman_hijaz_ashli_v2_b.wav,23
/content/drive/MyDrive/Colab Notebooks/Audio Nagham Recognition/dataset/C.1_tausyih_hijaz_ashli_2_ar-rahman/1.1.5_ar-rahman_hijaz_ashli_v2_b.wav,23
/content/drive/MyDrive/Colab Notebooks/Audio Nagham Recognition/dataset/B.1_tausyih_shaba_ashli_4/1.3.0_tausyih_shaba_ashli_v2_a.wav,18
/content/drive/MyDrive/Colab Notebooks/Audio Nagham Recognition/dataset/B.1_tausyih_shaba_ashli_4/1.3.1_tausyih_shaba_ashli_v2_a.wav,18
/content/drive/MyDrive/Colab Notebooks/Audio Nagham Recognition/dataset/B.1_tausyih_shaba_ashli_4/1.3.2_tausyih_shaba_ashli_v2_a.wav,18
/content/drive/MyDrive/Colab Notebooks/Audio Nagham Recognition/dataset/B.4_tausyih_jawab_shaba_maalbastanjar_ar-rahman/4.0_tausyih_jawab_shaba_maalbastanjar_v2_a.wav,21
/content/drive/MyDrive/Colab Notebooks/Audio Nagham Recognition/dataset/B.4_tausyih_jawab_shaba_maalbastanjar_ar-rahman/4.1_tausyih_jawab_shaba_maalbastanjar_v2_a.wav,21
/content/drive/MyDrive/Colab Notebooks/Audio Nagham Recognition/dataset/B.4_tausyih_jawab_shaba_maalbastanjar_ar-rahman/4.2_tausyih_jawab_shaba_maalbastanjar_v2_a.wav,21
/content/drive/MyDrive/Colab Notebooks/Audio Nagham Recognition/dataset/B.4_tausyih_jawab_shaba_maalbastanjar_ar-rahman/4.0_ar-rahman_jawab_shaba_maalbastanjar_v2_a.wav,21
/content/drive/MyDrive/Colab Notebooks/Audio Nagham Recognition/dataset/B.4_tausyih_jawab_shaba_maalbastanjar_ar-rahman/4.1_ar-rahman_jawab_shaba_maalbastanjar_v2_a.wav,21
/content/drive/MyDrive/Colab Notebooks/Audio Nagham Recognition/dataset/B.4_tausyih_jawab_shaba_maalbastanjar_ar-rahman/4.2_ar-rahman_jawab_shaba_maalbastanjar_v2_a.wav,21
/content/drive/MyDrive/Colab Notebooks/Audio Nagham Recognition/dataset/B.4_tausyih_jawab_shaba_maalbastanjar_ar-rahman/4.3_ar-rahman_jawab_shaba_maalbastanjar_v2_a.wav,21
/content/drive/MyDrive/Colab Notebooks/Audio Nagham Recognition/dataset/B.4_tausyih_jawab_shaba_maalbastanjar_ar-rahman/4.4_ar-rahman_jawab_shaba_maalbastanjar_v2_b.wav,21
/content/drive/MyDrive/Colab Notebooks/Audio Nagham Recognition/dataset/C.1_tausyih_hijaz_ashli_5/1.4.0_tausyih_hijaz_ashli_v2_b.wav,26
/content/drive/MyDrive/Colab Notebooks/Audio Nagham Recognition/dataset/C.1_tausyih_hijaz_ashli_5/1.4.1_tausyih_hijaz_ashli_v2_b.wav,26
/content/drive/MyDrive/Colab Notebooks/Audio Nagham Recognition/dataset/C.1_tausyih_hijaz_ashli_5/1.4.2_tausyih_hijaz_ashli_v2_b.wav,26
/content/drive/MyDrive/Colab Notebooks/Audio Nagham Recognition/dataset/C.1_tausyih_hijaz_ashli_5/1.4.3_tausyih_hijaz_ashli_v2_b.wav,26
/content/drive/MyDrive/Colab Notebooks/Audio Nagham Recognition/dataset/C.1_tausyih_hijaz_ashli_3/1.2.0_tausyih_hijaz_ashli_v2_b.wav,24
/content/drive/MyDrive/Colab Notebooks/Audio Nagham Recognition/dataset/C.1_tausyih_hijaz_ashli_3/1.2.1_tausyih_hijaz_ashli_v2_b.wav,24
/content/drive/MyDrive/Colab Notebooks/Audio Nagham Recognition/dataset/C.1_tausyih_hijaz_ashli_3/1.2.2_tausyih_hijaz_ashli_v2_b.wav,24
/content/drive/MyDrive/Colab Notebooks/Audio Nagham Recognition/dataset/C.1_tausyih_hijaz_ashli_3/1.2.3_tausyih_hijaz_ashli_v2_b.wav,24
/content/drive/MyDrive/Colab Notebooks/Audio Nagham Recognition/dataset/C.1_tausyih_hijaz_ashli_4/1.3.0_tausyih_hijaz_ashli_v2_b.wav,25
/content/drive/MyDrive/Colab Notebooks/Audio Nagham Recognition/dataset/C.1_tausyih_hijaz_ashli_4/1.3.1_tausyih_hijaz_ashli_v2_b.wav,25
/content/drive/MyDrive/Colab Notebooks/Audio Nagham Recognition/dataset/B.1_tausyih_shaba_ashli_3/1.2.0_tausyih_shaba_ashli_v2_a.wav,17
/content/drive/MyDrive/Colab Notebooks/Audio Nagham Recognition/dataset/B.1_tausyih_shaba_ashli_3/1.2.1_tausyih_shaba_ashli_v2_a.wav,17
/content/drive/MyDrive/Colab Notebooks/Audio Nagham Recognition/dataset/B.1_tausyih_shaba_ashli_3/1.2.2_tausyih_shaba_ashli_v2_a.wav,17
/content/drive/MyDrive/Colab Notebooks/Audio Nagham Recognition/dataset/A.5_tausyih_bayati_ashli_jawab_3/5.2.0_tausyih_bayati_ashli_jawab_v1_a.wav,13
/content/drive/MyDrive/Colab Notebooks/Audio Nagham Recognition/dataset/A.5_tausyih_bayati_ashli_jawab_3/5.2.1_tausyih_bayati_ashli_jawab_v1_a.wav,13
/content/drive/MyDrive/Colab Notebooks/Audio Nagham Recognition/dataset/A.5_tausyih_bayati_ashli_jawab_3/5.2.2_tausyih_bayati_ashli_jawab_v1_a.wav,13
/content/drive/MyDrive/Colab Notebooks/Audio Nagham Recognition/dataset/A.5_tausyih_bayati_ashli_jawab_3/5.2.3_tausyih_bayati_ashli_jawab_v1_a.wav,13
/content/drive/MyDrive/Colab Notebooks/Audio Nagham Recognition/dataset/A.4_tausyih_bayati_husaini_4_ar-rahman/4.3.0_tausyih_bayati_husaini_v1_a.wav,8
/content/drive/MyDrive/Colab Notebooks/Audio Nagham Recognition/dataset/A.4_tausyih_bayati_husaini_4_ar-rahman/4.3.1_tausyih_bayati_husaini_v1_a.wav,8
/content/drive/MyDrive/Colab Notebooks/Audio Nagham Recognition/dataset/A.4_tausyih_bayati_husaini_4_ar-rahman/4.3.2_tausyih_bayati_husaini_v1_a.wav,8
/content/drive/MyDrive/Colab Notebooks/Audio Nagham Recognition/dataset/A.4_tausyih_bayati_husaini_4_ar-rahman/4.3.3_tausyih_bayati_husaini_v1_a.wav,8
/content/drive/MyDrive/Colab Notebooks/Audio Nagham Recognition/dataset/A.4_tausyih_bayati_husaini_4_ar-rahman/4.3.4_tausyih_bayati_husaini_v1_a.wav,8
/content/drive/MyDrive/Colab Notebooks/Audio Nagham Recognition/dataset/A.4_tausyih_bayati_husaini_4_ar-rahman/4.3.0_ar-rahman_bayati_husaini_v1_b.wav,8
/content/drive/MyDrive/Colab Notebooks/Audio Nagham Recognition/dataset/A.4_tausyih_bayati_husaini_4_ar-rahman/4.3.1_ar-rahman_bayati_husaini_v1_b.wav,8
/content/drive/MyDrive/Colab Notebooks/Audio Nagham Recognition/dataset/A.4_tausyih_bayati_husaini_4_ar-rahman/4.3.2_ar-rahman_bayati_husaini_v1_b.wav,8
/content/drive/MyDrive/Colab Notebooks/Audio Nagham Recognition/dataset/A.4_tausyih_bayati_husaini_4_ar-rahman/4.3.3_ar-rahman_bayati_husaini_v1_b.wav,8
/content/drive/MyDrive/Colab Notebooks/Audio Nagham Recognition/dataset/A.4_tausyih_bayati_husaini_4_ar-rahman/4.3.4_ar-rahman_bayati_husaini_v1_b.wav,8
/content/drive/MyDrive/Colab Notebooks/Audio Nagham Recognition/dataset/A.4_tausyih_bayati_husaini_4_ar-rahman/4.3.5_ar-rahman_bayati_husaini_v1_b.wav,8
/content/drive/MyDrive/Colab Notebooks/Audio Nagham Recognition/dataset/A.4_tausyih_bayati_husaini_4_ar-rahman/4.3.6_ar-rahman_bayati_husaini_v2_b.wav,8
/content/drive/MyDrive/Colab Notebooks/Audio Nagham Recognition/dataset/B.1_tausyih_shaba_ashli_2/1.1.0_tausyih_shaba_ashli_v2_a.wav,16
/content/drive/MyDrive/Colab Notebooks/Audio Nagham Recognition/dataset/B.1_tausyih_shaba_ashli_2/1.1.1_tausyih_shaba_ashli_v2_a.wav,16
/content/drive/MyDrive/Colab Notebooks/Audio Nagham Recognition/dataset/B.1_tausyih_shaba_ashli_2/1.1.2_tausyih_shaba_ashli_v2_a.wav,16
/content/drive/MyDrive/Colab Notebooks/Audio Nagham Recognition/dataset/A.4_tausyih_bayati_husaini_5/4.4.0_tausyih_bayati_husaini_v1_a.wav,9
/content/drive/MyDrive/Colab Notebooks/Audio Nagham Recognition/dataset/A.4_tausyih_bayati_husaini_5/4.4.1_tausyih_bayati_husaini_v1_a.wav,9
/content/drive/MyDrive/Colab Notebooks/Audio Nagham Recognition/dataset/A.4_tausyih_bayati_husaini_5/4.4.2_tausyih_bayati_husaini_v1_a.wav,9
/content/drive/MyDrive/Colab Notebooks/Audio Nagham Recognition/dataset/A.4_tausyih_bayati_husaini_5/4.4.3_tausyih_bayati_husaini_v1_a.wav,9
/content/drive/MyDrive/Colab Notebooks/Audio Nagham Recognition/dataset/A.4_tausyih_bayati_husaini_5/4.4.4_tausyih_bayati_husaini_v1_a.wav,9
/content/drive/MyDrive/Colab Notebooks/Audio Nagham Recognition/dataset/B.1_tausyih_shaba_ashli_1_ar-rahman/1.0.0_tausyih_shaba_ashli_v2_a.wav,15
/content/drive/MyDrive/Colab Notebooks/Audio Nagham Recognition/dataset/B.1_tausyih_shaba_ashli_1_ar-rahman/1.0.1_tausyih_shaba_ashli_v2_a.wav,15
/content/drive/MyDrive/Colab Notebooks/Audio Nagham Recognition/dataset/B.1_tausyih_shaba_ashli_1_ar-rahman/1.0.2_tausyih_shaba_ashli_v2_a.wav,15
/content/drive/MyDrive/Colab Notebooks/Audio Nagham Recognition/dataset/B.1_tausyih_shaba_ashli_1_ar-rahman/1.0.5_tausyih_shaba_ashli_v2_a.wav,15
/content/drive/MyDrive/Colab Notebooks/Audio Nagham Recognition/dataset/B.1_tausyih_shaba_ashli_1_ar-rahman/1.0.6_tausyih_shaba_ashli_v2_a.wav,15
/content/drive/MyDrive/Colab Notebooks/Audio Nagham Recognition/dataset/B.1_tausyih_shaba_ashli_1_ar-rahman/1.0.7_tausyih_shaba_ashli_v2_a.wav,15
/content/drive/MyDrive/Colab Notebooks/Audio Nagham Recognition/dataset/B.1_tausyih_shaba_ashli_1_ar-rahman/1.0.8_tausyih_shaba_ashli_v2_a.wav,15
/content/drive/MyDrive/Colab Notebooks/Audio Nagham Recognition/dataset/B.1_tausyih_shaba_ashli_1_ar-rahman/1.0.9_tausyih_shaba_ashli_v2_a.wav,15
/content/drive/MyDrive/Colab Notebooks/Audio Nagham Recognition/dataset/B.1_tausyih_shaba_ashli_1_ar-rahman/1.0.10_tausyih_shaba_ashli_v2_a.wav,15
/content/drive/MyDrive/Colab Notebooks/Audio Nagham Recognition/dataset/B.1_tausyih_shaba_ashli_1_ar-rahman/1.0.0_ar-rahman_shaba_ashli_v2_a.wav,15
/content/drive/MyDrive/Colab Notebooks/Audio Nagham Recognition/dataset/B.1_tausyih_shaba_ashli_1_ar-rahman/1.0.1_ar-rahman_shaba_ashli_v2_a.wav,15
/content/drive/MyDrive/Colab Notebooks/Audio Nagham Recognition/dataset/B.1_tausyih_shaba_ashli_1_ar-rahman/1.0.2_ar-rahman_shaba_ashli_v2_a.wav,15
/content/drive/MyDrive/Colab Notebooks/Audio Nagham Recognition/dataset/B.1_tausyih_shaba_ashli_1_ar-rahman/1.0.3_ar-rahman_shaba_ashli_v2_a.wav,15
/content/drive/MyDrive/Colab Notebooks/Audio Nagham Recognition/dataset/B.1_tausyih_shaba_ashli_1_ar-rahman/1.0.4_ar-rahman_shaba_ashli_v2_a.wav,15
/content/drive/MyDrive/Colab Notebooks/Audio Nagham Recognition/dataset/B.1_tausyih_shaba_ashli_1_ar-rahman/1.0.5_ar-rahman_shaba_ashli_v2_a.wav,15
/content/drive/MyDrive/Colab Notebooks/Audio Nagham Recognition/dataset/B.1_tausyih_shaba_ashli_1_ar-rahman/1.0.6_ar-rahman_shaba_ashli_v2_b.wav,15
/content/drive/MyDrive/Colab Notebooks/Audio Nagham Recognition/dataset/B.1_tausyih_shaba_ashli_1_ar-rahman/1.0.3_tausyih_shaba_ashli_v2_a.wav,15
/content/drive/MyDrive/Colab Notebooks/Audio Nagham Recognition/dataset/B.1_tausyih_shaba_ashli_1_ar-rahman/1.0.4_tausyih_shaba_ashli_v2_a.wav,15
/content/drive/MyDrive/Colab Notebooks/Audio Nagham Recognition/dataset/A.4_tausyih_bayati_husaini_6/4.5.1_tausyih_bayati_husaini_v1_a.wav,10
/content/drive/MyDrive/Colab Notebooks/Audio Nagham Recognition/dataset/A.4_tausyih_bayati_husaini_6/4.5.0_tausyih_bayati_husaini_v1_a.wav,10
/content/drive/MyDrive/Colab Notebooks/Audio Nagham Recognition/dataset/A.4_tausyih_bayati_husaini_6/4.5.2_tausyih_bayati_husaini_v1_a.wav,10
/content/drive/MyDrive/Colab Notebooks/Audio Nagham Recognition/dataset/a1.6_ar-rahman_bayati_syuri_jawabuljawab_2/6.1.0_ar-rahman_bayati_syuri_jawabuljawab_v1_b.wav,46
/content/drive/MyDrive/Colab Notebooks/Audio Nagham Recognition/dataset/a1.6_ar-rahman_bayati_syuri_jawabuljawab_2/6.1.2_ar-rahman_bayati_syuri_jawabuljawab_v1_b.wav,46
/content/drive/MyDrive/Colab Notebooks/Audio Nagham Recognition/dataset/a1.6_ar-rahman_bayati_syuri_jawabuljawab_2/6.1.3_ar-rahman_bayati_syuri_jawabuljawab_v1_b.wav,46
/content/drive/MyDrive/Colab Notebooks/Audio Nagham Recognition/dataset/a1.6_ar-rahman_bayati_syuri_jawabuljawab_2/6.1.6_ar-rahman_bayati_syuri_jawabuljawab_v2_b.wav,46
/content/drive/MyDrive/Colab Notebooks/Audio Nagham Recognition/dataset/a1.6_ar-rahman_bayati_syuri_jawabuljawab_2/6.1.1_ar-rahman_bayati_syuri_jawabuljawab_v1_b.wav,46
/content/drive/MyDrive/Colab Notebooks/Audio Nagham Recognition/dataset/a1.6_ar-rahman_bayati_syuri_jawabuljawab_2/6.1.4_ar-rahman_bayati_syuri_jawabuljawab_v1_b.wav,46
/content/drive/MyDrive/Colab Notebooks/Audio Nagham Recognition/dataset/a1.6_ar-rahman_bayati_syuri_jawabuljawab_2/6.1.5_ar-rahman_bayati_syuri_jawabuljawab_v1_b.wav,46
/content/drive/MyDrive/Colab Notebooks/Audio Nagham Recognition/dataset/A.5_tausyih_bayati_ashli_jawab_2/5.1.1_tausyih_bayati_ashli_jawab_v1_a.wav,12
/content/drive/MyDrive/Colab Notebooks/Audio Nagham Recognition/dataset/A.5_tausyih_bayati_ashli_jawab_2/5.1.2_tausyih_bayati_ashli_jawab_v1_a.wav,12
/content/drive/MyDrive/Colab Notebooks/Audio Nagham Recognition/dataset/A.5_tausyih_bayati_ashli_jawab_2/5.1.0_tausyih_bayati_ashli_jawab_v1_a.wav,12
/content/drive/MyDrive/Colab Notebooks/Audio Nagham Recognition/dataset/A.5_tausyih_bayati_ashli_jawab_2/5.1.3_tausyih_bayati_ashli_jawab_v1_a.wav,12
/content/drive/MyDrive/Colab Notebooks/Audio Nagham Recognition/dataset/A.5_tausyih_bayati_ashli_jawab_1_ar-rahman/5.0.0_tausyih_bayati_ashli_jawab_v1_a.wav,11
/content/drive/MyDrive/Colab Notebooks/Audio Nagham Recognition/dataset/A.5_tausyih_bayati_ashli_jawab_1_ar-rahman/5.0.1_tausyih_bayati_ashli_jawab_v1_a.wav,11
/content/drive/MyDrive/Colab Notebooks/Audio Nagham Recognition/dataset/A.5_tausyih_bayati_ashli_jawab_1_ar-rahman/5.0.2_tausyih_bayati_ashli_jawab_v1_a.wav,11
/content/drive/MyDrive/Colab Notebooks/Audio Nagham Recognition/dataset/A.5_tausyih_bayati_ashli_jawab_1_ar-rahman/5.0.3_tausyih_bayati_ashli_jawab_v1_a.wav,11
/content/drive/MyDrive/Colab Notebooks/Audio Nagham Recognition/dataset/A.5_tausyih_bayati_ashli_jawab_1_ar-rahman/5.0.4_tausyih_bayati_ashli_jawab_v1_b.wav,11
/content/drive/MyDrive/Colab Notebooks/Audio Nagham Recognition/dataset/A.5_tausyih_bayati_ashli_jawab_1_ar-rahman/5.0.0_ar-rahman_bayati_ashli_jawab_v1_b.wav,11
/content/drive/MyDrive/Colab Notebooks/Audio Nagham Recognition/dataset/A.5_tausyih_bayati_ashli_jawab_1_ar-rahman/5.0.1_ar-rahman_bayati_ashli_jawab_v1_b.wav,11
/content/drive/MyDrive/Colab Notebooks/Audio Nagham Recognition/dataset/A.5_tausyih_bayati_ashli_jawab_1_ar-rahman/5.0.2_ar-rahman_bayati_ashli_jawab_v1_b.wav,11
/content/drive/MyDrive/Colab Notebooks/Audio Nagham Recognition/dataset/A.5_tausyih_bayati_ashli_jawab_1_ar-rahman/5.0.3_ar-rahman_bayati_ashli_jawab_v1_b.wav,11
/content/drive/MyDrive/Colab Notebooks/Audio Nagham Recognition/dataset/A.5_tausyih_bayati_ashli_jawab_1_ar-rahman/5.0.4_ar-rahman_bayati_ashli_jawab_v1_b.wav,11
/content/drive/MyDrive/Colab Notebooks/Audio Nagham Recognition/dataset/A.5_tausyih_bayati_ashli_jawab_1_ar-rahman/5.0.5_ar-rahman_bayati_ashli_jawab_v2_b.wav,11
/content/drive/MyDrive/Colab Notebooks/Audio Nagham Recognition/dataset/A.6_tausyih_bayati_syuri_jawabuljawab_ar-rahman/6.0_tausyih_bayati_syuri_jawabuljawab_v1_b.wav,14
/content/drive/MyDrive/Colab Notebooks/Audio Nagham Recognition/dataset/A.6_tausyih_bayati_syuri_jawabuljawab_ar-rahman/6.1_tausyih_bayati_syuri_jawabuljawab_v1_b.wav,14
/content/drive/MyDrive/Colab Notebooks/Audio Nagham Recognition/dataset/A.6_tausyih_bayati_syuri_jawabuljawab_ar-rahman/6.0.0_ar-rahman_bayati_syuri_jawabuljawab_v1_b.wav,14
/content/drive/MyDrive/Colab Notebooks/Audio Nagham Recognition/dataset/A.6_tausyih_bayati_syuri_jawabuljawab_ar-rahman/6.0.1_ar-rahman_bayati_syuri_jawabuljawab_v1_b.wav,14
/content/drive/MyDrive/Colab Notebooks/Audio Nagham Recognition/dataset/A.6_tausyih_bayati_syuri_jawabuljawab_ar-rahman/6.0.3_ar-rahman_bayati_syuri_jawabuljawab_v1_b.wav,14
/content/drive/MyDrive/Colab Notebooks/Audio Nagham Recognition/dataset/A.6_tausyih_bayati_syuri_jawabuljawab_ar-rahman/6.0.4_ar-rahman_bayati_syuri_jawabuljawab_v1_b.wav,14
/content/drive/MyDrive/Colab Notebooks/Audio Nagham Recognition/dataset/A.6_tausyih_bayati_syuri_jawabuljawab_ar-rahman/6.0.5_ar-rahman_bayati_syuri_jawabuljawab_v1_b.wav,14
/content/drive/MyDrive/Colab Notebooks/Audio Nagham Recognition/dataset/A.6_tausyih_bayati_syuri_jawabuljawab_ar-rahman/6.0.6_ar-rahman_bayati_syuri_jawabuljawab_v1_b.wav,14
/content/drive/MyDrive/Colab Notebooks/Audio Nagham Recognition/dataset/A.6_tausyih_bayati_syuri_jawabuljawab_ar-rahman/6.0.7_ar-rahman_bayati_syuri_jawabuljawab_v1_b.wav,14
/content/drive/MyDrive/Colab Notebooks/Audio Nagham Recognition/dataset/A.6_tausyih_bayati_syuri_jawabuljawab_ar-rahman/6.0.8_ar-rahman_bayati_syuri_jawabuljawab_v2_b.wav,14
/content/drive/MyDrive/Colab Notebooks/Audio Nagham Recognition/dataset/A.6_tausyih_bayati_syuri_jawabuljawab_ar-rahman/6.0.2_ar-rahman_bayati_syuri_jawabuljawab_v1_b.wav,14
/content/drive/MyDrive/Colab Notebooks/Audio Nagham Recognition/dataset/A.4_tausyih_bayati_husaini_1/4.0.0_tausyih_bayati_husaini_v1_a.wav,5
/content/drive/MyDrive/Colab Notebooks/Audio Nagham Recognition/dataset/A.4_tausyih_bayati_husaini_1/4.0.1_tausyih_bayati_husaini_v1_a.wav,5
/content/drive/MyDrive/Colab Notebooks/Audio Nagham Recognition/dataset/A.4_tausyih_bayati_husaini_1/4.0.2_tausyih_bayati_husaini_v1_a.wav,5
/content/drive/MyDrive/Colab Notebooks/Audio Nagham Recognition/dataset/A.4_tausyih_bayati_husaini_1/4.0.3_tausyih_bayati_husaini_v1_a.wav,5
/content/drive/MyDrive/Colab Notebooks/Audio Nagham Recognition/dataset/A.4_tausyih_bayati_husaini_1/4.0.4_tausyih_bayati_husaini_v1_a.wav,5
/content/drive/MyDrive/Colab Notebooks/Audio Nagham Recognition/dataset/A.3_tausyih_bayati_syuri_3/3.2.0_tausyih_bayati_syuri_v1_a.wav,4
/content/drive/MyDrive/Colab Notebooks/Audio Nagham Recognition/dataset/A.3_tausyih_bayati_syuri_3/3.2.1_tausyih_bayati_syuri_v1_a.wav,4
/content/drive/MyDrive/Colab Notebooks/Audio Nagham Recognition/dataset/A.3_tausyih_bayati_syuri_3/3.2.2_tausyih_bayati_syuri_v1_a.wav,4
/content/drive/MyDrive/Colab Notebooks/Audio Nagham Recognition/dataset/A.3_tausyih_bayati_syuri_3/3.2.3_tausyih_bayati_syuri_v1_a.wav,4
/content/drive/MyDrive/Colab Notebooks/Audio Nagham Recognition/dataset/A.4_tausyih_bayati_husaini_3/4.2.0_tausyih_bayati_husaini_v1_a.wav,7
/content/drive/MyDrive/Colab Notebooks/Audio Nagham Recognition/dataset/A.4_tausyih_bayati_husaini_3/4.2.1_tausyih_bayati_husaini_v1_a.wav,7
/content/drive/MyDrive/Colab Notebooks/Audio Nagham Recognition/dataset/A.4_tausyih_bayati_husaini_3/4.2.4_tausyih_bayati_husaini_v1_a.wav,7
/content/drive/MyDrive/Colab Notebooks/Audio Nagham Recognition/dataset/A.4_tausyih_bayati_husaini_3/4.2.2_tausyih_bayati_husaini_v1_a.wav,7
/content/drive/MyDrive/Colab Notebooks/Audio Nagham Recognition/dataset/A.4_tausyih_bayati_husaini_3/4.2.3_tausyih_bayati_husaini_v1_a.wav,7
/content/drive/MyDrive/Colab Notebooks/Audio Nagham Recognition/dataset/A.2_tausyih_bayati_ashli_nawa_ar-rahman/2.0_tausyih_bayati_ashli_nawa_v1_a.wav,1
/content/drive/MyDrive/Colab Notebooks/Audio Nagham Recognition/dataset/A.2_tausyih_bayati_ashli_nawa_ar-rahman/2.1_tausyih_bayati_ashli_nawa_v1_a.wav,1
/content/drive/MyDrive/Colab Notebooks/Audio Nagham Recognition/dataset/A.2_tausyih_bayati_ashli_nawa_ar-rahman/2.2_tausyih_bayati_ashli_nawa_v1_a.wav,1
/content/drive/MyDrive/Colab Notebooks/Audio Nagham Recognition/dataset/A.2_tausyih_bayati_ashli_nawa_ar-rahman/2.3_tausyih_bayati_ashli_nawa_v1_a.wav,1
/content/drive/MyDrive/Colab Notebooks/Audio Nagham Recognition/dataset/A.2_tausyih_bayati_ashli_nawa_ar-rahman/2.0_ar-rahman_bayati_ashli_nawa_v1_b.wav,1
/content/drive/MyDrive/Colab Notebooks/Audio Nagham Recognition/dataset/A.2_tausyih_bayati_ashli_nawa_ar-rahman/2.1_ar-rahman_bayati_ashli_nawa_v1_b.wav,1
/content/drive/MyDrive/Colab Notebooks/Audio Nagham Recognition/dataset/A.2_tausyih_bayati_ashli_nawa_ar-rahman/2.2_ar-rahman_bayati_ashli_nawa_v1_b.wav,1
/content/drive/MyDrive/Colab Notebooks/Audio Nagham Recognition/dataset/A.2_tausyih_bayati_ashli_nawa_ar-rahman/2.3_ar-rahman_bayati_ashli_nawa_v1_b.wav,1
/content/drive/MyDrive/Colab Notebooks/Audio Nagham Recognition/dataset/A.2_tausyih_bayati_ashli_nawa_ar-rahman/2.4_ar-rahman_bayati_ashli_nawa_v1_b.wav,1
/content/drive/MyDrive/Colab Notebooks/Audio Nagham Recognition/dataset/A.2_tausyih_bayati_ashli_nawa_ar-rahman/2.5_ar-rahman_bayati_ashli_nawa_v1_b.wav,1
/content/drive/MyDrive/Colab Notebooks/Audio Nagham Recognition/dataset/A.2_tausyih_bayati_ashli_nawa_ar-rahman/2.6_ar-rahman_bayati_ashli_nawa_v1_b.wav,1
/content/drive/MyDrive/Colab Notebooks/Audio Nagham Recognition/dataset/A.2_tausyih_bayati_ashli_nawa_ar-rahman/2.7_ar-rahman_bayati_ashli_nawa_v2_b.wav,1
/content/drive/MyDrive/Colab Notebooks/Audio Nagham Recognition/dataset/A.4_tausyih_bayati_husaini_2_ar-rahman/4.1.0_ar-rahman_bayati_husaini_v1_b.wav,6
/content/drive/MyDrive/Colab Notebooks/Audio Nagham Recognition/dataset/A.4_tausyih_bayati_husaini_2_ar-rahman/4.1.1_ar-rahman_bayati_husaini_v1_b.wav,6
/content/drive/MyDrive/Colab Notebooks/Audio Nagham Recognition/dataset/A.4_tausyih_bayati_husaini_2_ar-rahman/4.1.2_ar-rahman_bayati_husaini_v1_b.wav,6
/content/drive/MyDrive/Colab Notebooks/Audio Nagham Recognition/dataset/A.4_tausyih_bayati_husaini_2_ar-rahman/4.1.3_ar-rahman_bayati_husaini_v1_b.wav,6
/content/drive/MyDrive/Colab Notebooks/Audio Nagham Recognition/dataset/A.4_tausyih_bayati_husaini_2_ar-rahman/4.1.4_ar-rahman_bayati_husaini_v2_b.wav,6
/content/drive/MyDrive/Colab Notebooks/Audio Nagham Recognition/dataset/A.4_tausyih_bayati_husaini_2_ar-rahman/4.1.0_tausyih_bayati_husaini_v1_a.wav,6
/content/drive/MyDrive/Colab Notebooks/Audio Nagham Recognition/dataset/A.4_tausyih_bayati_husaini_2_ar-rahman/4.1.1_tausyih_bayati_husaini_v1_a.wav,6
/content/drive/MyDrive/Colab Notebooks/Audio Nagham Recognition/dataset/A.4_tausyih_bayati_husaini_2_ar-rahman/4.1.2_tausyih_bayati_husaini_v1_a.wav,6
/content/drive/MyDrive/Colab Notebooks/Audio Nagham Recognition/dataset/A.4_tausyih_bayati_husaini_2_ar-rahman/4.1.3_tausyih_bayati_husaini_v1_a.wav,6
/content/drive/MyDrive/Colab Notebooks/Audio Nagham Recognition/dataset/A.4_tausyih_bayati_husaini_2_ar-rahman/4.1.4_tausyih_bayati_husaini_v1_a.wav,6
/content/drive/MyDrive/Colab Notebooks/Audio Nagham Recognition/dataset/A.1_tausyih_bayati_ashli_qorror_ar-rahman/1.0_tausyih_bayati_ashli_qorror_v1_a.wav,0
/content/drive/MyDrive/Colab Notebooks/Audio Nagham Recognition/dataset/A.1_tausyih_bayati_ashli_qorror_ar-rahman/1.1_tausyih_bayati_ashli_qorror_v1_a.wav,0
/content/drive/MyDrive/Colab Notebooks/Audio Nagham Recognition/dataset/A.1_tausyih_bayati_ashli_qorror_ar-rahman/1.2_tausyih_bayati_ashli_qorror_v1_a.wav,0
/content/drive/MyDrive/Colab Notebooks/Audio Nagham Recognition/dataset/A.1_tausyih_bayati_ashli_qorror_ar-rahman/1.3_tausyih_bayati_ashli_qorror_v1_a.wav,0
/content/drive/MyDrive/Colab Notebooks/Audio Nagham Recognition/dataset/A.1_tausyih_bayati_ashli_qorror_ar-rahman/1.4_tausyih_bayati_ashli_qorror_v1_a.wav,0
/content/drive/MyDrive/Colab Notebooks/Audio Nagham Recognition/dataset/A.1_tausyih_bayati_ashli_qorror_ar-rahman/1.0_ar-rahman_bayyati_ashli_qorror_v1_b.wav,0
/content/drive/MyDrive/Colab Notebooks/Audio Nagham Recognition/dataset/A.1_tausyih_bayati_ashli_qorror_ar-rahman/1.1_ar-rahman_bayyati_ashli_qorror_v1_b.wav,0
/content/drive/MyDrive/Colab Notebooks/Audio Nagham Recognition/dataset/A.1_tausyih_bayati_ashli_qorror_ar-rahman/1.2_ar-rahman_bayyati_ashli_qorror_v1_b.wav,0
/content/drive/MyDrive/Colab Notebooks/Audio Nagham Recognition/dataset/A.1_tausyih_bayati_ashli_qorror_ar-rahman/1.3_ar-rahman_bayyati_ashli_qorror_v1_b.wav,0
/content/drive/MyDrive/Colab Notebooks/Audio Nagham Recognition/dataset/A.1_tausyih_bayati_ashli_qorror_ar-rahman/1.4_ar-rahman_bayyati_ashli_qorror_v1_b.wav,0
/content/drive/MyDrive/Colab Notebooks/Audio Nagham Recognition/dataset/A.1_tausyih_bayati_ashli_qorror_ar-rahman/1.5_ar-rahman_bayyati_ashli_qorror_v1_b.wav,0
/content/drive/MyDrive/Colab Notebooks/Audio Nagham Recognition/dataset/A.1_tausyih_bayati_ashli_qorror_ar-rahman/1.6_ar-rahman_bayyati_ashli_qorror_v2_b.wav,0
/content/drive/MyDrive/Colab Notebooks/Audio Nagham Recognition/dataset/A.3_tausyih_bayati_syuri_2_ar-rahman/3.1.0_tausyih_bayati_syuri_v1_a.wav,3
/content/drive/MyDrive/Colab Notebooks/Audio Nagham Recognition/dataset/A.3_tausyih_bayati_syuri_2_ar-rahman/3.1.1_tausyih_bayati_syuri_v1_a.wav,3
/content/drive/MyDrive/Colab Notebooks/Audio Nagham Recognition/dataset/A.3_tausyih_bayati_syuri_2_ar-rahman/3.1.2_tausyih_bayati_syuri_v1_a.wav,3
/content/drive/MyDrive/Colab Notebooks/Audio Nagham Recognition/dataset/A.3_tausyih_bayati_syuri_2_ar-rahman/3.1.3_tausyih_bayati_syuri_v1_a.wav,3
/content/drive/MyDrive/Colab Notebooks/Audio Nagham Recognition/dataset/A.3_tausyih_bayati_syuri_2_ar-rahman/3.1.4_tausyih_bayati_syuri_v1_a.wav,3
/content/drive/MyDrive/Colab Notebooks/Audio Nagham Recognition/dataset/A.3_tausyih_bayati_syuri_2_ar-rahman/3.1.5_tausyih_bayati_syuri_v1_b.wav,3
/content/drive/MyDrive/Colab Notebooks/Audio Nagham Recognition/dataset/A.3_tausyih_bayati_syuri_2_ar-rahman/3.1.0_ar-rahman_bayati_syuri_v1_b.wav,3
/content/drive/MyDrive/Colab Notebooks/Audio Nagham Recognition/dataset/A.3_tausyih_bayati_syuri_2_ar-rahman/3.1.1_ar-rahman_bayati_syuri_v1_b.wav,3
/content/drive/MyDrive/Colab Notebooks/Audio Nagham Recognition/dataset/A.3_tausyih_bayati_syuri_2_ar-rahman/3.1.2_ar-rahman_bayati_syuri_v1_b.wav,3
/content/drive/MyDrive/Colab Notebooks/Audio Nagham Recognition/dataset/A.3_tausyih_bayati_syuri_2_ar-rahman/3.1.3_ar-rahman_bayati_syuri_v1_b.wav,3
/content/drive/MyDrive/Colab Notebooks/Audio Nagham Recognition/dataset/A.3_tausyih_bayati_syuri_2_ar-rahman/3.1.4_ar-rahman_bayati_syuri_v1_b.wav,3
/content/drive/MyDrive/Colab Notebooks/Audio Nagham Recognition/dataset/A.3_tausyih_bayati_syuri_2_ar-rahman/3.1.5_ar-rahman_bayati_syuri_v1_b.wav,3
/content/drive/MyDrive/Colab Notebooks/Audio Nagham Recognition/dataset/A.3_tausyih_bayati_syuri_2_ar-rahman/3.1.6_ar-rahman_bayati_syuri_v2_b.wav,3
/content/drive/MyDrive/Colab Notebooks/Audio Nagham Recognition/dataset/A.3_tausyih_bayati_syuri_1/3.0.0_tausyih_bayati_syuri_v1_a.wav,2
/content/drive/MyDrive/Colab Notebooks/Audio Nagham Recognition/dataset/A.3_tausyih_bayati_syuri_1/3.0.1_tausyih_bayati_syuri_v1_a.wav,2
/content/drive/MyDrive/Colab Notebooks/Audio Nagham Recognition/dataset/A.3_tausyih_bayati_syuri_1/3.0.2_tausyih_bayati_syuri_v1_a.wav,2
/content/drive/MyDrive/Colab Notebooks/Audio Nagham Recognition/dataset/A.3_tausyih_bayati_syuri_1/3.0.3_tausyih_bayati_syuri_v1_a.wav,2
/content/drive/MyDrive/Colab Notebooks/Audio Nagham Recognition/dataset/A.3_tausyih_bayati_syuri_1/3.0.4_tausyih_bayati_syuri_v1_a.wav,2
/content/drive/MyDrive/Colab Notebooks/Audio Nagham Recognition/dataset/A.3_tausyih_bayati_syuri_1/3.0.5_tausyih_bayati_syuri_v1_a.wav,2
